admin,c3d313b92aef814d72f09f9d982d0ac81b4eef0c124d649e815c6c649164806b3c2d200267f5fca5d4308ca5664b3ce1f58921437060552d1796f5712fdb7609
ivan,94e34e45224e4b7988b3920eeb9bb8afa65986426751234aed5b70a01f4567f2e0477a39d20a1dfb5f447b6aecd21ccd03df033b82e384e6aa5ebe2332ec81a9
petro,fa2afe0c0af52e45aba54451d87fc3088c31f5a820dbe67f0f3c111c6347376a2ffc0bd600c8eaf3794216734c3b632683d01da44e37ff5fe1b857aae7511da6
olena,a997751b6ba12a3de1a50476788e62bbd440416252f4d29caf101fa1c5af805242c5bd6e20eba707253bd99a3d8346d8f49491a9a3e9d3e14e48662f2e0bcb1b
andriy,d4e1aec0b6169a2c4cb5677960f2518232b1f2e00f3891ae3125caba033f94883acc459448bc1f27b5a83b3c42e144c346ef3dc0b9d6125a6827576cbf6a0c3d
maria,9f5c65eccadcf19db8ad22c7797af8818ca93faa91ff377339a0c6a8654b648acd8829c6a858d87b95accb29277b54cfab9b9a013e378e45b5c7d4a19d7becb6
oleh,50f5fa84d14a1ca60c9aa5b4bfb475d471843622851f2e385e730c9bbcf42f3a4f93a4f70fcb9b5af12039bf07d8442324364b48b9f766bcddbb2c516f359443
anna,0a10e688e9a35579dedd365bb6dbe4518559709851208b833403f41cfbd0d332ac8be98b2456e1c9715889749a0500db0c27bf01327194b3a1c1390b3e1f933c
max,064d0a14bdc2183072fbd72183360b738f07cb66e148acf7cc3499ec6e900d7c27735b7ba492e3e5a721e5798b03bd8f122f8a0d40ece06443a80a8fee87b241
guest,6d09a39fa124acd5df321e3f7fb13856cbcc0dad7f6d4fc2df871c48e2eaf0f3355f9650bb8443abb81684cc143d7a8680e8c22439f9c8ab7741490658bd77f7
